﻿{
   "CodeGenerationMode": 2,
   "ContextClassName": "DbfilmoviContext",
   "ContextNamespace": "Data",
   "DefaultDacpacSchema": null,
   "FilterSchemas": false,
   "IncludeConnectionString": true,
   "ModelNamespace": "Models",
   "OutputContextPath": "Data",
   "OutputPath": "Models",
   "ProjectRootNamespace": "PopFilmovi",
   "Schemas": null,
   "SelectedHandlebarsLanguage": 0,
   "SelectedToBeGenerated": 0,
   "Tables": [
      {
         "Name": "[dbo].[Filmovi]",
         "ObjectType": 0
      },
      {
         "Name": "[dbo].[FilmPopularnost]",
         "ObjectType": 0
      },
      {
         "Name": "[dbo].[FilmZanrovi]",
         "ObjectType": 0
      },
      {
         "Name": "[dbo].[LogDohvataPop]",
         "ObjectType": 0
      },
      {
         "Name": "[dbo].[Zanr]",
         "ObjectType": 0
      },
      {
         "Name": "[dbo].[GetFilmPopular]",
         "ObjectType": 1
      },
      {
         "Name": "[dbo].[GetFilmPopularByID]",
         "ObjectType": 1
      },
      {
         "Name": "[dbo].[SetFilmPopular]",
         "ObjectType": 1
      },
      {
         "Name": "[dbo].[SetZanrItem]",
         "ObjectType": 1
      }
   ],
   "UiHint": "desktop-oi7808s\\sqlexpress.DBFilmovi.dbo",
   "UseBoolPropertiesWithoutDefaultSql": false,
   "UseDatabaseNames": false,
   "UseDbContextSplitting": false,
   "UseFluentApiOnly": false,
   "UseHandleBars": false,
   "UseHierarchyId": false,
   "UseInflector": true,
   "UseLegacyPluralizer": false,
   "UseManyToManyEntity": false,
   "UseNoConstructor": false,
   "UseNoDefaultConstructor": false,
   "UseNoNavigations": false,
   "UseNoObjectFilter": false,
   "UseNodaTime": false,
   "UseNullableReferences": false,
   "UseSchemaFolders": false,
   "UseSpatial": false
}